{
  "adv1": {
    "category":"master",
    "replace":true,
    "sounds":[
      {
        "name":"yshextlib:adv/adv1",
        "stream":true,
        "volume":1,
        "pitch":1
      }
    ]
  },
  "adv2": {
    "category":"master",
    "replace":true,
    "sounds":[
      {
        "name":"yshextlib:adv/adv2",
        "stream":true,
        "volume":1,
        "pitch":1
      }
    ]
  },
  "adv3": {
    "category":"master",
    "replace":true,
    "sounds":[
      {
        "name":"yshextlib:adv/adv3",
        "stream":true,
        "volume":1,
        "pitch":1
      }
    ]
  },
  "adv4": {
    "category":"master",
    "replace":true,
    "sounds":[
      {
        "name":"yshextlib:adv/adv4",
        "stream":true,
        "volume":1,
        "pitch":1
      }
    ]
  }
}