{
  "model": {
    "type": "minecraft:select",
    "property": "minecraft:custom_model_data",
    "index": 0,
    "cases": [
      {
        "when": "nether_reactor_core",
        "model": {
          "type": "minecraft:select",
          "property": "minecraft:custom_model_data",
          "index": 1,
          "cases": [
            {
              "when": "initiated",
              "model": {
                "type": "minecraft:model",
                "model": "yshextlib:block/nether_reactor_core/initiated"
              }
            },
            {
              "when": "finished",
              "model": {
                "type": "minecraft:model",
                "model": "yshextlib:block/nether_reactor_core/finished"
              }
            }
          ],
          "fallback": {
            "type": "minecraft:model",
            "model": "yshextlib:block/nether_reactor_core/generic"
          }
        }
      }
    ],
    "fallback": {
      "type": "minecraft:model",
      "model": "minecraft:block/nether_bricks"
    }
  }
}