{
  "model": {
    "type": "minecraft:select",
    "property": "minecraft:custom_model_data",
    "index": 0,
    "cases": [
      {
        "when": "image",
        "model": {
          "type": "minecraft:select",
          "property": "minecraft:custom_model_data",
          "index": 1,
          "cases": [
            {
              "when": "test",
              "model": {
                "type": "minecraft:model",
                "model": "yshextlib:pic/test"
              }
            }
          ]
        }
      }
    ],
    "fallback": {
      "type": "minecraft:model",
      "model": "minecraft:item/painting"
    }
  },
  "oversized_in_gui": true
}