{
  "type": "minecraft:chest",
  "pools": [
    {
      "rolls": 1,
      "bonus_rolls": 0,
      "entries": [
        {
          "type": "minecraft:loot_table",
          "value": "minecraft:chests/bastion_bridge",
          "weight": 2,
          "quality": 1
        },
        {
          "type": "minecraft:loot_table",
          "value": "minecraft:chests/bastion_hoglin_stable",
          "weight": 2,
          "quality": 1
        },
        {
          "type": "minecraft:loot_table",
          "value": "minecraft:chests/nether_bridge",
          "weight": 8,
          "quality": 1
        },
        {
          "type": "minecraft:loot_table",
          "value": "minecraft:chests/bastion_other",
          "weight": 4,
          "quality": 1
        },
        {
          "type": "minecraft:loot_table",
          "value": "minecraft:chests/bastion_treasure",
          "weight": 2,
          "quality": 1
        }
      ]
    }
  ]
}